Title,Alternative Title,Description,Language,Creator,Publisher,Resource Type,Keyword,Date Issued,Temporal Coverage,Date Range,Spatial Coverage,Bounding Box,Information,Download,Image,Manifest,Identifier,ID,Access Rights,Provider,Code,Member Of,Status,Accrual Method,Date Accessioned,Rights,Resource Class,Format,Suppressed,Child Record
,1929 Indiana : motor trails are calling,,English,Standard Oil Company (Ind.),H.M. Gousha Company (Chicago),,Roads,1929,,,Indiana,"-88.0833,37.7667,-84.7833,41.75",https://umedia.lib.umn.edu/item/p16022coll230:1798,http://cdm16022.contentdm.oclc.org/utils/getfile/collection/p16022coll230/id/1798/filename/print/page/download/fparams/forcedownload,https://cdm16022.contentdm.oclc.org/utils/getthumbnail/collection/p16022coll230/id/1798,https://cdm16022.contentdm.oclc.org/iiif/info/p16022coll230/1798/manifest.json,UMN_ALMA:9974845994901701,p16022coll230:1798,Public,University of Minnesota,05d-01,05d-01,Active,Blacklight,2021-08-24,"Use of this item may be governed by US and international copyright laws. You may be able to use this item, but copyright and other considerations may apply. For possible additional information or guidance on your use, please contact the contributing organization.",Maps,JPEG,FALSE,FALSE
,Geological map of the state of Ohio,,English,"Newberry, J. S. (John Strong), 1822-1892","Geological Survey of Ohio (Columbus,  Ohio)",,Geology,1879,,,Ohio,"-84.8167,38.4,-80.5167,41.9667",https://umedia.lib.umn.edu/item/p16022coll230:1737,http://cdm16022.contentdm.oclc.org/utils/getfile/collection/p16022coll230/id/1737/filename/print/page/download/fparams/forcedownload,https://cdm16022.contentdm.oclc.org/utils/getthumbnail/collection/p16022coll230/id/1737,https://cdm16022.contentdm.oclc.org/iiif/info/p16022coll230/1737/manifest.json,UMN_ALMA:9944524130001701,p16022coll230:1737,Public,University of Minnesota,05d-01,05d-01,Active,Blacklight,2021-08-24,"Use of this item may be governed by US and international copyright laws. You may be able to use this item, but copyright and other considerations may apply. For possible additional information or guidance on your use, please contact the contributing organization.",Maps,JPEG,FALSE,FALSE
,Geologic map of the Pennsylvanian area in north-central Texas,,English,"Plummer, F. B. (Frederick Byron), 1886-1947","University of Texas,  Bureau of Economic Geology and Technology (Austin,  Tex)",,"Geology, Stratigraphic|Pennsylvanian",1921,,,Texas,"-99.5,31.0,-98.0,33.25",https://umedia.lib.umn.edu/item/p16022coll230:1818,http://cdm16022.contentdm.oclc.org/utils/getfile/collection/p16022coll230/id/1818/filename/print/page/download/fparams/forcedownload,https://cdm16022.contentdm.oclc.org/utils/getthumbnail/collection/p16022coll230/id/1818,https://cdm16022.contentdm.oclc.org/iiif/info/p16022coll230/1818/manifest.json,UMN_ALMA:9957033850001701,p16022coll230:1818,Public,University of Minnesota,05d-01,05d-01,Active,Blacklight,2021-08-24,"Use of this item may be governed by US and international copyright laws. You may be able to use this item, but copyright and other considerations may apply. For possible additional information or guidance on your use, please contact the contributing organization.",Maps,JPEG,FALSE,FALSE
,"[Index map of Mississippi River from Minneapolis, Minn. to Buffalo City, Wis. showing dams]",,English,,(Minnesotä),,Dams|Dams,1915 - 1933,,,Minnesota; WIsconsin,"-93.3167,44.1833,-91.8,45.05",https://umedia.lib.umn.edu/item/p16022coll230:1812,http://cdm16022.contentdm.oclc.org/utils/getfile/collection/p16022coll230/id/1812/filename/print/page/download/fparams/forcedownload,https://cdm16022.contentdm.oclc.org/utils/getthumbnail/collection/p16022coll230/id/1812,https://cdm16022.contentdm.oclc.org/iiif/info/p16022coll230/1812/manifest.json,UMN_ALMA:9913936480001701,p16022coll230:1812,Public,University of Minnesota,05d-01,05d-01,Active,Blacklight,2021-08-24,"Use of this item may be governed by US and international copyright laws. You may be able to use this item, but copyright and other considerations may apply. For possible additional information or guidance on your use, please contact the contributing organization.",Maps,JPEG,FALSE,FALSE
,Map of an exploring expedition to the Rocky Mountains in the year 1842 and to Oregon & North California in the years 1843-44,,English,"Frémont, John Charles, 1813-1890","Gales and Seaton? (Washington,  D.C.?)",,Discoveries in Geography|American,1845?,,,United States,"-125.0,34.0,-94.0,46.0",https://umedia.lib.umn.edu/item/p16022coll230:1722,http://cdm16022.contentdm.oclc.org/utils/getfile/collection/p16022coll230/id/1722/filename/print/page/download/fparams/forcedownload,https://cdm16022.contentdm.oclc.org/utils/getthumbnail/collection/p16022coll230/id/1722,https://cdm16022.contentdm.oclc.org/iiif/info/p16022coll230/1722/manifest.json,UMN_ALMA:9960715960001701,p16022coll230:1722,Public,University of Minnesota,05d-01,05d-01,Active,Blacklight,2021-08-24,"Use of this item may be governed by US and international copyright laws. You may be able to use this item, but copyright and other considerations may apply. For possible additional information or guidance on your use, please contact the contributing organization.",Maps,JPEG,FALSE,FALSE
,"Map of Northwest Airways, inc",,English,Rand McNally and Company,Rand McNally (Chicago),,"Northwest Airways, Inc|Airways|Railroads",1929,,,United States,"-97.0167,39.8667,-87.0167,48.8667",https://umedia.lib.umn.edu/item/p16022coll230:1750,http://cdm16022.contentdm.oclc.org/utils/getfile/collection/p16022coll230/id/1750/filename/print/page/download/fparams/forcedownload,https://cdm16022.contentdm.oclc.org/utils/getthumbnail/collection/p16022coll230/id/1750,https://cdm16022.contentdm.oclc.org/iiif/info/p16022coll230/1750/manifest.json,UMN_ALMA:9946828070001701,p16022coll230:1750,Public,University of Minnesota,05d-01,05d-01,Active,Blacklight,2021-08-24,"Use of this item may be governed by US and international copyright laws. You may be able to use this item, but copyright and other considerations may apply. For possible additional information or guidance on your use, please contact the contributing organization.",Maps,JPEG,FALSE,FALSE
,Map of the state of Oklahoma,,English,Oklahoma Geological Survey,"The Survey (Norman,  Okla)",,,1914,,,Oklahoma,"-103.0,33.6,-94.4167,37.0",https://umedia.lib.umn.edu/item/p16022coll230:1804,http://cdm16022.contentdm.oclc.org/utils/getfile/collection/p16022coll230/id/1804/filename/print/page/download/fparams/forcedownload,https://cdm16022.contentdm.oclc.org/utils/getthumbnail/collection/p16022coll230/id/1804,https://cdm16022.contentdm.oclc.org/iiif/info/p16022coll230/1804/manifest.json,UMN_ALMA:9974083106401701,p16022coll230:1804,Public,University of Minnesota,05d-01,05d-01,Active,Blacklight,2021-08-24,"Use of this item may be governed by US and international copyright laws. You may be able to use this item, but copyright and other considerations may apply. For possible additional information or guidance on your use, please contact the contributing organization.",Maps,JPEG,FALSE,FALSE
,Map of the United States and their territories between the Mississippi and the Pacific Ocean; and part of Mexico,,English,United States. Army. Corps of Topographical Engineers,"The Corps (Washington,  D.C)",,,1850,,,United States,"-126.0,18.0,-86.0,50.0",https://umedia.lib.umn.edu/item/p16022coll230:1801,http://cdm16022.contentdm.oclc.org/utils/getfile/collection/p16022coll230/id/1801/filename/print/page/download/fparams/forcedownload,https://cdm16022.contentdm.oclc.org/utils/getthumbnail/collection/p16022coll230/id/1801,https://cdm16022.contentdm.oclc.org/iiif/info/p16022coll230/1801/manifest.json,UMN_ALMA:9917865020001701,p16022coll230:1801,Public,University of Minnesota,05d-01,05d-01,Active,Blacklight,2021-08-24,"Use of this item may be governed by US and international copyright laws. You may be able to use this item, but copyright and other considerations may apply. For possible additional information or guidance on your use, please contact the contributing organization.",Maps,JPEG,FALSE,FALSE
,"Map of the Upper Mississippi River : from the mouth of the Ohio River to Lake Itasca, Minn. in fifty sheets",,English,United States. Mississippi River Commission,"Mississippi River Commission (Washington,  D.C)",,,1893 - 1915,,,United States,"-95.3,36.8833,-88.4167,46.5167",https://umedia.lib.umn.edu/item/p16022coll230:1792,http://cdm16022.contentdm.oclc.org/utils/getfile/collection/p16022coll230/id/1792/filename/print/page/download/fparams/forcedownload,https://cdm16022.contentdm.oclc.org/utils/getthumbnail/collection/p16022coll230/id/1792,https://cdm16022.contentdm.oclc.org/iiif/info/p16022coll230/1792/manifest.json,UMN_ALMA:9940012940001701,p16022coll230:1792,Public,University of Minnesota,05d-01,05d-01,Active,Blacklight,2021-08-24,"Use of this item may be governed by US and international copyright laws. You may be able to use this item, but copyright and other considerations may apply. For possible additional information or guidance on your use, please contact the contributing organization.",Maps,JPEG,FALSE,FALSE
,Map showing points of interest in Indiana,,English,Indiana. Department of Conservation,"The Department (Indianapolis,  Ind)",,Roads|Parks|Game Reserves|Forest Reserves,1928,,,Indiana,"-88.0833,37.7667,-84.7833,41.75",https://umedia.lib.umn.edu/item/p16022coll230:1743,http://cdm16022.contentdm.oclc.org/utils/getfile/collection/p16022coll230/id/1743/filename/print/page/download/fparams/forcedownload,https://cdm16022.contentdm.oclc.org/utils/getthumbnail/collection/p16022coll230/id/1743,https://cdm16022.contentdm.oclc.org/iiif/info/p16022coll230/1743/manifest.json,UMN_ALMA:9929579260001701,p16022coll230:1743,Public,University of Minnesota,05d-01,05d-01,Active,Blacklight,2021-08-24,"Use of this item may be governed by US and international copyright laws. You may be able to use this item, but copyright and other considerations may apply. For possible additional information or guidance on your use, please contact the contributing organization.",Maps,JPEG,FALSE,FALSE
,Military map of the Indian Territory,,English,United States. Army. Department of the Missouri,Dept. of the Missouri (Washington),,,1875,,,Oklahoma,"-103.0,33.6167,-94.4167,37.0",https://umedia.lib.umn.edu/item/p16022coll230:1730,http://cdm16022.contentdm.oclc.org/utils/getfile/collection/p16022coll230/id/1730/filename/print/page/download/fparams/forcedownload,https://cdm16022.contentdm.oclc.org/utils/getthumbnail/collection/p16022coll230/id/1730,https://cdm16022.contentdm.oclc.org/iiif/info/p16022coll230/1730/manifest.json,UMN_ALMA:9915118520001701,p16022coll230:1730,Public,University of Minnesota,05d-01,05d-01,Active,Blacklight,2021-08-24,"Use of this item may be governed by US and international copyright laws. You may be able to use this item, but copyright and other considerations may apply. For possible additional information or guidance on your use, please contact the contributing organization.",Maps,JPEG,FALSE,FALSE
,Mississippi River from Cairo Ill. to St. Marys Mo. in VI sheets,,English,United States Coast Survey,United States Coast Survey (Washington),,,1865,,,Illinois; Missouri,"-90.4667,36.9667,-89.1333,38.25",https://umedia.lib.umn.edu/item/p16022coll230:1747,http://cdm16022.contentdm.oclc.org/utils/getfile/collection/p16022coll230/id/1747/filename/print/page/download/fparams/forcedownload,https://cdm16022.contentdm.oclc.org/utils/getthumbnail/collection/p16022coll230/id/1747,https://cdm16022.contentdm.oclc.org/iiif/info/p16022coll230/1747/manifest.json,UMN_ALMA:9940663010001701,p16022coll230:1747,Public,University of Minnesota,05d-01,05d-01,Active,Blacklight,2021-08-24,"Use of this item may be governed by US and international copyright laws. You may be able to use this item, but copyright and other considerations may apply. For possible additional information or guidance on your use, please contact the contributing organization.",Maps,JPEG,FALSE,FALSE
,Plat of the northern boundary line of the state of Indiana : surveyed in conformity to the Act of Congress,,English,"Haas, Ph",publisher not identified,,,1827?,,,Indiana,"-87.4,41.5333,-84.7833,41.75",https://umedia.lib.umn.edu/item/p16022coll230:1807,http://cdm16022.contentdm.oclc.org/utils/getfile/collection/p16022coll230/id/1807/filename/print/page/download/fparams/forcedownload,https://cdm16022.contentdm.oclc.org/utils/getthumbnail/collection/p16022coll230/id/1807,https://cdm16022.contentdm.oclc.org/iiif/info/p16022coll230/1807/manifest.json,UMN_ALMA:9935459250001701,p16022coll230:1807,Public,University of Minnesota,05d-01,05d-01,Active,Blacklight,2021-08-24,"Use of this item may be governed by US and international copyright laws. You may be able to use this item, but copyright and other considerations may apply. For possible additional information or guidance on your use, please contact the contributing organization.",Maps,JPEG,FALSE,FALSE
,Railroad map of Ohio,,English,Ohio. State Commissioners of Public Printing,Ohio State Commissioners of Public Printing (Columbus),,Railroads,1918,,,,"-84.8167,38.4,-80.5167,41.9667",https://umedia.lib.umn.edu/item/p16022coll230:1824,http://cdm16022.contentdm.oclc.org/utils/getfile/collection/p16022coll230/id/1824/filename/print/page/download/fparams/forcedownload,https://cdm16022.contentdm.oclc.org/utils/getthumbnail/collection/p16022coll230/id/1824,https://cdm16022.contentdm.oclc.org/iiif/info/p16022coll230/1824/manifest.json,UMN_ALMA:9974088490301701,p16022coll230:1824,Public,University of Minnesota,05d-01,05d-01,Active,Blacklight,2021-08-24,"Use of this item may be governed by US and international copyright laws. You may be able to use this item, but copyright and other considerations may apply. For possible additional information or guidance on your use, please contact the contributing organization.",Maps,JPEG,FALSE,FALSE
,"Rand, McNally & Co.'s Oklahoma and Indian Territory",,English,Rand McNally and Company,"Rand McNally (Chicago), 1903",,,1903,,,Oklahoma,"-103.0,33.6833,-94.4833,37.0",https://umedia.lib.umn.edu/item/p16022coll230:1725,http://cdm16022.contentdm.oclc.org/utils/getfile/collection/p16022coll230/id/1725/filename/print/page/download/fparams/forcedownload,https://cdm16022.contentdm.oclc.org/utils/getthumbnail/collection/p16022coll230/id/1725,https://cdm16022.contentdm.oclc.org/iiif/info/p16022coll230/1725/manifest.json,UMN_ALMA:9948560820001701,p16022coll230:1725,Public,University of Minnesota,05d-01,05d-01,Active,Blacklight,2021-08-24,"Use of this item may be governed by US and international copyright laws. You may be able to use this item, but copyright and other considerations may apply. For possible additional information or guidance on your use, please contact the contributing organization.",Maps,JPEG,FALSE,FALSE
,"Rand, McNally & Co.'s traffic map of the northwest",,English,Rand McNally and Company,"Rand,  McNally & Co (Chicago [Ill), 1887",,Railroads,1887,,,United States; Mexico,"-100.0,42.0,-87.0,46.0",https://umedia.lib.umn.edu/item/p16022coll230:1795,http://cdm16022.contentdm.oclc.org/utils/getfile/collection/p16022coll230/id/1795/filename/print/page/download/fparams/forcedownload,https://cdm16022.contentdm.oclc.org/utils/getthumbnail/collection/p16022coll230/id/1795,https://cdm16022.contentdm.oclc.org/iiif/info/p16022coll230/1795/manifest.json,UMN_ALMA:9922105460001701,p16022coll230:1795,Public,University of Minnesota,05d-01,05d-01,Active,Blacklight,2021-08-24,"Use of this item may be governed by US and international copyright laws. You may be able to use this item, but copyright and other considerations may apply. For possible additional information or guidance on your use, please contact the contributing organization.",Maps,JPEG,FALSE,FALSE
,Survey of the Mississippi River,,English,United States. Army. Corps of Engineers,"Headquarters of the Corps of Engineers,  War Dept (Washington)",,,1878 - 1879,,,United States,"-95.4667,28.9667,-88.5,47.4167",https://umedia.lib.umn.edu/item/p16022coll230:1719,http://cdm16022.contentdm.oclc.org/utils/getfile/collection/p16022coll230/id/1719/filename/print/page/download/fparams/forcedownload,https://cdm16022.contentdm.oclc.org/utils/getthumbnail/collection/p16022coll230/id/1719,https://cdm16022.contentdm.oclc.org/iiif/info/p16022coll230/1719/manifest.json,UMN_ALMA:9935041000001701,p16022coll230:1719,Public,University of Minnesota,05d-01,05d-01,Active,Blacklight,2021-08-24,"Use of this item may be governed by US and international copyright laws. You may be able to use this item, but copyright and other considerations may apply. For possible additional information or guidance on your use, please contact the contributing organization.",Maps,JPEG,FALSE,FALSE
,Texas (Brewster County) Chisos Mountains quadrangle,,English,Geological Survey (U.S.),"U.S. Geological Survey (Washington,  D.C)",,,1923,,,Texas,"-103.5,29.0,-102.6667,29.5",https://umedia.lib.umn.edu/item/p16022coll230:1753,http://cdm16022.contentdm.oclc.org/utils/getfile/collection/p16022coll230/id/1753/filename/print/page/download/fparams/forcedownload,https://cdm16022.contentdm.oclc.org/utils/getthumbnail/collection/p16022coll230/id/1753,https://cdm16022.contentdm.oclc.org/iiif/info/p16022coll230/1753/manifest.json,UMN_ALMA:9954267280001701,p16022coll230:1753,Public,University of Minnesota,05d-01,05d-01,Active,Blacklight,2021-08-24,"Use of this item may be governed by US and international copyright laws. You may be able to use this item, but copyright and other considerations may apply. For possible additional information or guidance on your use, please contact the contributing organization.",Maps,JPEG,FALSE,FALSE
,"The Department of Agriculture and Immigration map of Louisiana : showing parishes, parish seats, cities, towns, villages, etc., railroads with distances between stations, the state highway system, improved and proposed improved roads",,English,George F. Cram Company,George F. Cram Co (Indianapolis),,Railroads|Mines and Mineral Resources,1926,,,Louisiana,"-94.0333,28.9167,-88.8,33.0167",https://umedia.lib.umn.edu/item/p16022coll230:1740,http://cdm16022.contentdm.oclc.org/utils/getfile/collection/p16022coll230/id/1740/filename/print/page/download/fparams/forcedownload,https://cdm16022.contentdm.oclc.org/utils/getthumbnail/collection/p16022coll230/id/1740,https://cdm16022.contentdm.oclc.org/iiif/info/p16022coll230/1740/manifest.json,UMN_ALMA:9974058309601701,p16022coll230:1740,Public,University of Minnesota,05d-01,05d-01,Active,Blacklight,2021-08-24,"Use of this item may be governed by US and international copyright laws. You may be able to use this item, but copyright and other considerations may apply. For possible additional information or guidance on your use, please contact the contributing organization.",Maps,JPEG,FALSE,FALSE
,The Federal Aid Highway System progress map,,English,United States. Bureau of Public Roads,"Dept. of Agriculture,  Bureau of Public Roads (Washington,  D.C)",,Federal Highway Program (u.s.)|Roads|Federal Aid to Transportation,1927,,,United States,"-94.0,34.0,-89.0,36.0",https://umedia.lib.umn.edu/item/p16022coll230:1757,http://cdm16022.contentdm.oclc.org/utils/getfile/collection/p16022coll230/id/1757/filename/print/page/download/fparams/forcedownload,https://cdm16022.contentdm.oclc.org/utils/getthumbnail/collection/p16022coll230/id/1757,https://cdm16022.contentdm.oclc.org/iiif/info/p16022coll230/1757/manifest.json,UMN_ALMA:9917818550001701,p16022coll230:1757,Public,University of Minnesota,05d-01,05d-01,Active,Blacklight,2021-08-24,"Use of this item may be governed by US and international copyright laws. You may be able to use this item, but copyright and other considerations may apply. For possible additional information or guidance on your use, please contact the contributing organization.",Maps,JPEG,FALSE,FALSE
,The Federal Aid Highway System progress map : [Ohio],,English,United States. Bureau of Public Roads,"The Bureau (Washington,  D.C)",,Federal Aid Highway System|Roads,1927,,,Ohio,"-84.0,39.0,-81.0,42.0",https://umedia.lib.umn.edu/item/p16022coll230:1815,http://cdm16022.contentdm.oclc.org/utils/getfile/collection/p16022coll230/id/1815/filename/print/page/download/fparams/forcedownload,https://cdm16022.contentdm.oclc.org/utils/getthumbnail/collection/p16022coll230/id/1815,https://cdm16022.contentdm.oclc.org/iiif/info/p16022coll230/1815/manifest.json,UMN_ALMA:9949972930001701,p16022coll230:1815,Public,University of Minnesota,05d-01,05d-01,Active,Blacklight,2021-08-24,"Use of this item may be governed by US and international copyright laws. You may be able to use this item, but copyright and other considerations may apply. For possible additional information or guidance on your use, please contact the contributing organization.",Maps,JPEG,FALSE,FALSE
,The Federal Aid Highway System progress map : [Oklahoma],,English,United States. Bureau of Public Roads,"Bureau of Public Roads (Washington,  D.C)",,Federal Highway Program (u.s.)|Roads|Federal Aid to Transportation,1927,,,Oklahoma,"-103.0,33.6167,-94.4333,37.0",https://umedia.lib.umn.edu/item/p16022coll230:1761,http://cdm16022.contentdm.oclc.org/utils/getfile/collection/p16022coll230/id/1761/filename/print/page/download/fparams/forcedownload,https://cdm16022.contentdm.oclc.org/utils/getthumbnail/collection/p16022coll230/id/1761,https://cdm16022.contentdm.oclc.org/iiif/info/p16022coll230/1761/manifest.json,UMN_ALMA:9949978350001701,p16022coll230:1761,Public,University of Minnesota,05d-01,05d-01,Active,Blacklight,2021-08-24,"Use of this item may be governed by US and international copyright laws. You may be able to use this item, but copyright and other considerations may apply. For possible additional information or guidance on your use, please contact the contributing organization.",Maps,JPEG,FALSE,FALSE
,"The tourist's pocket map of the state of Ohio : exhibiting its internal improvements, roads, distances &c.",,English,"Young, J. H. (James Hamilton)",S.A. Mitchell (Philadelphia),,Canals,1837,,,Ohio,"-84.9167,38.5,-80.1667,42.6667",https://umedia.lib.umn.edu/item/p16022coll230:1821,http://cdm16022.contentdm.oclc.org/utils/getfile/collection/p16022coll230/id/1821/filename/print/page/download/fparams/forcedownload,https://cdm16022.contentdm.oclc.org/utils/getthumbnail/collection/p16022coll230/id/1821,https://cdm16022.contentdm.oclc.org/iiif/info/p16022coll230/1821/manifest.json,UMN_ALMA:9923492680001701,p16022coll230:1821,Public,University of Minnesota,05d-01,05d-01,Active,Blacklight,2021-08-24,"Use of this item may be governed by US and international copyright laws. You may be able to use this item, but copyright and other considerations may apply. For possible additional information or guidance on your use, please contact the contributing organization.",Maps,JPEG,FALSE,FALSE
,A geological map of Ohio,,English,"Bownocker, J. A. (John Adams), 1865-1928",A. Hoen & Co (Baltimore),,Geology,1909,,,Ohio,"-84.8167,38.4,-80.5167,42.3167",https://umedia.lib.umn.edu/item/p16022coll230:1658,http://cdm16022.contentdm.oclc.org/utils/getfile/collection/p16022coll230/id/1658/filename/print/page/download/fparams/forcedownload,https://cdm16022.contentdm.oclc.org/utils/getthumbnail/collection/p16022coll230/id/1658,https://cdm16022.contentdm.oclc.org/iiif/info/p16022coll230/1658/manifest.json,UMN_ALMA:9951877850001701,p16022coll230:1658,Public,University of Minnesota,05d-01,05d-01,Active,Blacklight,2021-08-24,"Use of this item may be governed by US and international copyright laws. You may be able to use this item, but copyright and other considerations may apply. For possible additional information or guidance on your use, please contact the contributing organization.",Maps,JPEG,FALSE,FALSE
,Arkansas,,English,Arkansas. Land Survey Division,The Office (Little Rock),,,1856,,,Arkansas,"-95.0,31.0,-89.0,37.0",https://umedia.lib.umn.edu/item/p16022coll230:1685,http://cdm16022.contentdm.oclc.org/utils/getfile/collection/p16022coll230/id/1685/filename/print/page/download/fparams/forcedownload,https://cdm16022.contentdm.oclc.org/utils/getthumbnail/collection/p16022coll230/id/1685,https://cdm16022.contentdm.oclc.org/iiif/info/p16022coll230/1685/manifest.json,UMN_ALMA:9917955310001701,p16022coll230:1685,Public,University of Minnesota,05d-01,05d-01,Active,Blacklight,2021-08-24,"Use of this item may be governed by US and international copyright laws. You may be able to use this item, but copyright and other considerations may apply. For possible additional information or guidance on your use, please contact the contributing organization.",Maps,JPEG,FALSE,FALSE
,Clason's guide map of Indiana,,English,Clason Map Co,"Clason Map Co (Denver,  Colo)",,Roads,1920?,,,Indiana,"-88.0833,37.7667,-84.7833,41.75",https://umedia.lib.umn.edu/item/p16022coll230:1687,http://cdm16022.contentdm.oclc.org/utils/getfile/collection/p16022coll230/id/1687/filename/print/page/download/fparams/forcedownload,https://cdm16022.contentdm.oclc.org/utils/getthumbnail/collection/p16022coll230/id/1687,https://cdm16022.contentdm.oclc.org/iiif/info/p16022coll230/1687/manifest.json,UMN_ALMA:9951834730001701,p16022coll230:1687,Public,University of Minnesota,05d-01,05d-01,Active,Blacklight,2021-08-24,"Use of this item may be governed by US and international copyright laws. You may be able to use this item, but copyright and other considerations may apply. For possible additional information or guidance on your use, please contact the contributing organization.",Maps,JPEG,FALSE,FALSE
,"Cours du Mississippi comprenant la Louisiane, les 2 Florides, une partie des Etats-Unis et Pays Adjacents",,French,"Poirson, J. B. (Jean Baptiste), 1760-1831",(Paris?),,,1803,,,United States,"-100.0,24.0,-80.0,48.0",https://umedia.lib.umn.edu/item/p16022coll230:1657,http://cdm16022.contentdm.oclc.org/utils/getfile/collection/p16022coll230/id/1657/filename/print/page/download/fparams/forcedownload,https://cdm16022.contentdm.oclc.org/utils/getthumbnail/collection/p16022coll230/id/1657,https://cdm16022.contentdm.oclc.org/iiif/info/p16022coll230/1657/manifest.json,UMN_ALMA:9949129690001701,p16022coll230:1657,Public,University of Minnesota,05d-01,05d-01,Active,Blacklight,2021-08-24,"Use of this item may be governed by US and international copyright laws. You may be able to use this item, but copyright and other considerations may apply. For possible additional information or guidance on your use, please contact the contributing organization.",Maps,JPEG,FALSE,FALSE
,"Course of the river Mississipi from the Balise to Fort Chartres : taken on an expedition to the Illinois, in the latter end of the year 1765",,English,"Ross, Lieut",Printed for Robt. Sayer (London),,,1775,,,United States,"-100.0667,28.8,-80.4333,48.9833",https://umedia.lib.umn.edu/item/p16022coll230:1665,http://cdm16022.contentdm.oclc.org/utils/getfile/collection/p16022coll230/id/1665/filename/print/page/download/fparams/forcedownload,https://cdm16022.contentdm.oclc.org/utils/getthumbnail/collection/p16022coll230/id/1665,https://cdm16022.contentdm.oclc.org/iiif/info/p16022coll230/1665/manifest.json,UMN_ALMA:9949128290001701,p16022coll230:1665,Public,University of Minnesota,05d-01,05d-01,Active,Blacklight,2021-08-24,"Use of this item may be governed by US and international copyright laws. You may be able to use this item, but copyright and other considerations may apply. For possible additional information or guidance on your use, please contact the contributing organization.",Maps,JPEG,FALSE,FALSE
,"Dune Park sheet, Indiana",,English,"Mackay, B. R. (Bertram Reid), 1885-",Geographic Society of Chicago (Chicago),,,1917?,,,Indiana,"-87.0903,41.6364,-87.0478,41.6683",https://umedia.lib.umn.edu/item/p16022coll230:1669,http://cdm16022.contentdm.oclc.org/utils/getfile/collection/p16022coll230/id/1669/filename/print/page/download/fparams/forcedownload,https://cdm16022.contentdm.oclc.org/utils/getthumbnail/collection/p16022coll230/id/1669,https://cdm16022.contentdm.oclc.org/iiif/info/p16022coll230/1669/manifest.json,UMN_ALMA:9973518754501701,p16022coll230:1669,Public,University of Minnesota,05d-01,05d-01,Active,Blacklight,2021-08-24,"Use of this item may be governed by US and international copyright laws. You may be able to use this item, but copyright and other considerations may apply. For possible additional information or guidance on your use, please contact the contributing organization.",Maps,JPEG,FALSE,FALSE
,Exposition map of the city of New Orleans,,English,,"F.F. Hansell (New Orleans,  Louisiana)",,World's Industrial and Cotton Centennial Exposition|World's Industrial and Cotton Centennial Exposition,1884?,,,"New Orleans, Louisiana","-90.15,29.9,-90.0194,30.0292",https://umedia.lib.umn.edu/item/p16022coll205:605,http://cdm16022.contentdm.oclc.org/utils/getfile/collection/p16022coll205/id/605/filename/print/page/download/fparams/forcedownload,https://cdm16022.contentdm.oclc.org/utils/getthumbnail/collection/p16022coll205/id/605,https://cdm16022.contentdm.oclc.org/iiif/info/p16022coll205/605/manifest.json,UMN_ALMA:9975844451701701,p16022coll205:605,Public,University of Minnesota,05d-01,05d-01,Active,Blacklight,2021-08-24,"Use of this item may be governed by US and international copyright laws. You may be able to use this item, but copyright and other considerations may apply. For possible additional information or guidance on your use, please contact the contributing organization.",Maps,JPEG,FALSE,FALSE
,Geological map of Oklahoma,,English,"Cram, George Franklin, 1841-1928","Geo. F. Cram (Chicago,  Ill)",,Geology,1910 - 1919?,,,Oklahoma,"-103.0,33.0,-94.0,37.0",https://umedia.lib.umn.edu/item/p16022coll230:1661,http://cdm16022.contentdm.oclc.org/utils/getfile/collection/p16022coll230/id/1661/filename/print/page/download/fparams/forcedownload,https://cdm16022.contentdm.oclc.org/utils/getthumbnail/collection/p16022coll230/id/1661,https://cdm16022.contentdm.oclc.org/iiif/info/p16022coll230/1661/manifest.json,UMN_ALMA:9916216550001701,p16022coll230:1661,Public,University of Minnesota,05d-01,05d-01,Active,Blacklight,2021-08-24,"Use of this item may be governed by US and international copyright laws. You may be able to use this item, but copyright and other considerations may apply. For possible additional information or guidance on your use, please contact the contributing organization.",Maps,JPEG,FALSE,FALSE
,Geological railroad & township map of the state of Ohio,,English,J.H. Colton & Co,J.H. Colton & Co (New York),,Railroads,1856,,,Ohio,"-84.8167,38.4,-80.5167,41.9667",https://umedia.lib.umn.edu/item/p16022coll230:1662,http://cdm16022.contentdm.oclc.org/utils/getfile/collection/p16022coll230/id/1662/filename/print/page/download/fparams/forcedownload,https://cdm16022.contentdm.oclc.org/utils/getthumbnail/collection/p16022coll230/id/1662,https://cdm16022.contentdm.oclc.org/iiif/info/p16022coll230/1662/manifest.json,UMN_ALMA:9974084208601701,p16022coll230:1662,Public,University of Minnesota,05d-01,05d-01,Active,Blacklight,2021-08-24,"Use of this item may be governed by US and international copyright laws. You may be able to use this item, but copyright and other considerations may apply. For possible additional information or guidance on your use, please contact the contributing organization.",Maps,JPEG,FALSE,FALSE
,"Grazing lands, western United States : (general location and area)",,English,"Potter, Albert F",publisher not identified,,Land Use,1905,,,United States,"-125.0,31.0,-100.0,49.0",https://umedia.lib.umn.edu/item/p16022coll230:1686,http://cdm16022.contentdm.oclc.org/utils/getfile/collection/p16022coll230/id/1686/filename/print/page/download/fparams/forcedownload,https://cdm16022.contentdm.oclc.org/utils/getthumbnail/collection/p16022coll230/id/1686,https://cdm16022.contentdm.oclc.org/iiif/info/p16022coll230/1686/manifest.json,UMN_ALMA:9935709600001701,p16022coll230:1686,Public,University of Minnesota,05d-01,05d-01,Active,Blacklight,2021-08-24,"Use of this item may be governed by US and international copyright laws. You may be able to use this item, but copyright and other considerations may apply. For possible additional information or guidance on your use, please contact the contributing organization.",Maps,JPEG,FALSE,FALSE
,Indian Territory,,English,United States. General Land Office,Julius Bien (New York),,,1891,,,Oklahoma,"-103.0,33.6,-94.4167,37.0",https://umedia.lib.umn.edu/item/p16022coll230:1678,http://cdm16022.contentdm.oclc.org/utils/getfile/collection/p16022coll230/id/1678/filename/print/page/download/fparams/forcedownload,https://cdm16022.contentdm.oclc.org/utils/getthumbnail/collection/p16022coll230/id/1678,https://cdm16022.contentdm.oclc.org/iiif/info/p16022coll230/1678/manifest.json,UMN_ALMA:9974002904601701,p16022coll230:1678,Public,University of Minnesota,05d-01,05d-01,Active,Blacklight,2021-08-24,"Use of this item may be governed by US and international copyright laws. You may be able to use this item, but copyright and other considerations may apply. For possible additional information or guidance on your use, please contact the contributing organization.",Maps,JPEG,FALSE,FALSE
,"Indian Territory, 1879",,English,United States. General Land Office,General Land Office (Washington),,Indians of North America|Indians of North America|Roads|Railroads|Military Reservations,1879,,,Oklahoma,"-100.0,33.0,-94.0,37.0",https://umedia.lib.umn.edu/item/p16022coll230:1648,http://cdm16022.contentdm.oclc.org/utils/getfile/collection/p16022coll230/id/1648/filename/print/page/download/fparams/forcedownload,https://cdm16022.contentdm.oclc.org/utils/getthumbnail/collection/p16022coll230/id/1648,https://cdm16022.contentdm.oclc.org/iiif/info/p16022coll230/1648/manifest.json,UMN_ALMA:9974055507101701,p16022coll230:1648,Public,University of Minnesota,05d-01,05d-01,Active,Blacklight,2021-08-24,"Use of this item may be governed by US and international copyright laws. You may be able to use this item, but copyright and other considerations may apply. For possible additional information or guidance on your use, please contact the contributing organization.",Maps,JPEG,FALSE,FALSE
,Location of large timber holdings in west central Louisiana,,English,United States. Commissioner of Corporations on the Lumber Industry,"The Commissioner (Washington,  D.C.?)",,Lumber Trade,1913,,,Louisiana,"-94.0333,28.85,-88.75,33.0167",https://umedia.lib.umn.edu/item/p16022coll230:1655,http://cdm16022.contentdm.oclc.org/utils/getfile/collection/p16022coll230/id/1655/filename/print/page/download/fparams/forcedownload,https://cdm16022.contentdm.oclc.org/utils/getthumbnail/collection/p16022coll230/id/1655,https://cdm16022.contentdm.oclc.org/iiif/info/p16022coll230/1655/manifest.json,UMN_ALMA:9928893870001701,p16022coll230:1655,Public,University of Minnesota,05d-01,05d-01,Active,Blacklight,2021-08-24,"Use of this item may be governed by US and international copyright laws. You may be able to use this item, but copyright and other considerations may apply. For possible additional information or guidance on your use, please contact the contributing organization.",Maps,JPEG,FALSE,FALSE
,Louisiana,,English,"Carey, Mathew, 1760-1839","(Philadelphia], )",,,1814,,,Louisiana,"-94.0333,28.85,-88.75,33.0167",https://umedia.lib.umn.edu/item/p16022coll230:1674,http://cdm16022.contentdm.oclc.org/utils/getfile/collection/p16022coll230/id/1674/filename/print/page/download/fparams/forcedownload,https://cdm16022.contentdm.oclc.org/utils/getthumbnail/collection/p16022coll230/id/1674,https://cdm16022.contentdm.oclc.org/iiif/info/p16022coll230/1674/manifest.json,UMN_ALMA:9931948510001701,p16022coll230:1674,Public,University of Minnesota,05d-01,05d-01,Active,Blacklight,2021-08-24,"Use of this item may be governed by US and international copyright laws. You may be able to use this item, but copyright and other considerations may apply. For possible additional information or guidance on your use, please contact the contributing organization.",Maps,JPEG,FALSE,FALSE
,Louisiana by de Rivier Missisippi,,French,"Law, John, 1671-1729",publisher not identified,,Indians of North America,1720 - 1730,,,United States,"-96.0833,27.0833,-82.0333,50.4333",https://umedia.lib.umn.edu/item/p16022coll230:1656,http://cdm16022.contentdm.oclc.org/utils/getfile/collection/p16022coll230/id/1656/filename/print/page/download/fparams/forcedownload,https://cdm16022.contentdm.oclc.org/utils/getthumbnail/collection/p16022coll230/id/1656,https://cdm16022.contentdm.oclc.org/iiif/info/p16022coll230/1656/manifest.json,UMN_ALMA:9975746300101701,p16022coll230:1656,Public,University of Minnesota,05d-01,05d-01,Active,Blacklight,2021-08-24,"Use of this item may be governed by US and international copyright laws. You may be able to use this item, but copyright and other considerations may apply. For possible additional information or guidance on your use, please contact the contributing organization.",Maps,JPEG,FALSE,FALSE
,Map of Indian Territory and Oklahoma,,English,United States. Bureau of the Census,"U.S. Bureau of the Census (Washington,  D.C)",,,1890,,,Oklahoma,"-100.0,34.0,-96.0,37.0",https://umedia.lib.umn.edu/item/p16022coll230:1675,http://cdm16022.contentdm.oclc.org/utils/getfile/collection/p16022coll230/id/1675/filename/print/page/download/fparams/forcedownload,https://cdm16022.contentdm.oclc.org/utils/getthumbnail/collection/p16022coll230/id/1675,https://cdm16022.contentdm.oclc.org/iiif/info/p16022coll230/1675/manifest.json,UMN_ALMA:9974047908601701,p16022coll230:1675,Public,University of Minnesota,05d-01,05d-01,Active,Blacklight,2021-08-24,"Use of this item may be governed by US and international copyright laws. You may be able to use this item, but copyright and other considerations may apply. For possible additional information or guidance on your use, please contact the contributing organization.",Maps,JPEG,FALSE,FALSE
,Map of Mexico,,English,"Hutawa, Julius",Missouri Republican (St. Louis),,,1847,,,Mexico,"-125.4,18.9,-94.3667,49.5",https://umedia.lib.umn.edu/item/p16022coll230:1671,http://cdm16022.contentdm.oclc.org/utils/getfile/collection/p16022coll230/id/1671/filename/print/page/download/fparams/forcedownload,https://cdm16022.contentdm.oclc.org/utils/getthumbnail/collection/p16022coll230/id/1671,https://cdm16022.contentdm.oclc.org/iiif/info/p16022coll230/1671/manifest.json,UMN_ALMA:9960714760001701,p16022coll230:1671,Public,University of Minnesota,05d-01,05d-01,Active,Blacklight,2021-08-24,"Use of this item may be governed by US and international copyright laws. You may be able to use this item, but copyright and other considerations may apply. For possible additional information or guidance on your use, please contact the contributing organization.",Maps,JPEG,FALSE,FALSE
,Map of Oklahoma Territory,,English,United States. General Land Office,"General Land Office (Washington,  D.C)",,Indians of North America,1894,,,Oklahoma,"-103.4167,33.75,-95.5,37.5",https://umedia.lib.umn.edu/item/p16022coll230:1659,http://cdm16022.contentdm.oclc.org/utils/getfile/collection/p16022coll230/id/1659/filename/print/page/download/fparams/forcedownload,https://cdm16022.contentdm.oclc.org/utils/getthumbnail/collection/p16022coll230/id/1659,https://cdm16022.contentdm.oclc.org/iiif/info/p16022coll230/1659/manifest.json,UMN_ALMA:9974044006401701,p16022coll230:1659,Public,University of Minnesota,05d-01,05d-01,Active,Blacklight,2021-08-24,"Use of this item may be governed by US and international copyright laws. You may be able to use this item, but copyright and other considerations may apply. For possible additional information or guidance on your use, please contact the contributing organization.",Maps,JPEG,FALSE,FALSE
,"Map of Pike and Dubois Counties, Indiana",,English,"Levette, G. M. (Gilbert M.)",Braden and Burford (Indianapolis),,Geology|Geology|Mines and Mineral Resources|Mines and Mineral Resources,1872,,,Indiana,"-87.4722,38.1972,-86.6806,38.55",https://umedia.lib.umn.edu/item/p16022coll230:1688,http://cdm16022.contentdm.oclc.org/utils/getfile/collection/p16022coll230/id/1688/filename/print/page/download/fparams/forcedownload,https://cdm16022.contentdm.oclc.org/utils/getthumbnail/collection/p16022coll230/id/1688,https://cdm16022.contentdm.oclc.org/iiif/info/p16022coll230/1688/manifest.json,UMN_ALMA:9974055504101701,p16022coll230:1688,Public,University of Minnesota,05d-01,05d-01,Active,Blacklight,2021-08-24,"Use of this item may be governed by US and international copyright laws. You may be able to use this item, but copyright and other considerations may apply. For possible additional information or guidance on your use, please contact the contributing organization.",Maps,JPEG,FALSE,FALSE
,"Map of the city of Newark, Ohio",,English,,"Office of the City Engineer? (Newark,  Ohio?)",,,1921,,,"Newark, Ohio","-82.45,40.0167,-82.35,40.0833",https://umedia.lib.umn.edu/item/p16022coll205:604,http://cdm16022.contentdm.oclc.org/utils/getfile/collection/p16022coll205/id/604/filename/print/page/download/fparams/forcedownload,https://cdm16022.contentdm.oclc.org/utils/getthumbnail/collection/p16022coll205/id/604,https://cdm16022.contentdm.oclc.org/iiif/info/p16022coll205/604/manifest.json,UMN_ALMA:9974002888201701,p16022coll205:604,Public,University of Minnesota,05d-01,05d-01,Active,Blacklight,2021-08-24,"Use of this item may be governed by US and international copyright laws. You may be able to use this item, but copyright and other considerations may apply. For possible additional information or guidance on your use, please contact the contributing organization.",Maps,JPEG,FALSE,FALSE
,Map of the state of Arkansas,,English,United States. General Land Office,A. B. Graham Photo-litho (Washington [District of Columbia),,Railroads,1901,,,Arkansas,"-94.6167,33.0,-89.6333,36.4833",https://umedia.lib.umn.edu/item/p16022coll230:1654,http://cdm16022.contentdm.oclc.org/utils/getfile/collection/p16022coll230/id/1654/filename/print/page/download/fparams/forcedownload,https://cdm16022.contentdm.oclc.org/utils/getthumbnail/collection/p16022coll230/id/1654,https://cdm16022.contentdm.oclc.org/iiif/info/p16022coll230/1654/manifest.json,UMN_ALMA:9973997791101701,p16022coll230:1654,Public,University of Minnesota,05d-01,05d-01,Active,Blacklight,2021-08-24,"Use of this item may be governed by US and international copyright laws. You may be able to use this item, but copyright and other considerations may apply. For possible additional information or guidance on your use, please contact the contributing organization.",Maps,JPEG,FALSE,FALSE
,Map of the state of Texas from the latest authorities,,English,"Young, J. H. (James Hamilton)",Charles Desilver (Philadelphia),,,1856,,,Texas,"-106.0,26.0,-94.0,36.0",https://umedia.lib.umn.edu/item/p16022coll230:1693,http://cdm16022.contentdm.oclc.org/utils/getfile/collection/p16022coll230/id/1693/filename/print/page/download/fparams/forcedownload,https://cdm16022.contentdm.oclc.org/utils/getthumbnail/collection/p16022coll230/id/1693,https://cdm16022.contentdm.oclc.org/iiif/info/p16022coll230/1693/manifest.json,UMN_ALMA:9923063720001701,p16022coll230:1693,Public,University of Minnesota,05d-01,05d-01,Active,Blacklight,2021-08-24,"Use of this item may be governed by US and international copyright laws. You may be able to use this item, but copyright and other considerations may apply. For possible additional information or guidance on your use, please contact the contributing organization.",Maps,JPEG,FALSE,FALSE
,Map of the Western Territory &c,,English,,(United States?),,Indians of North America,1830 - 1839?,,,United States,"-107.0,34.0,-91.0,46.0",https://umedia.lib.umn.edu/item/p16022coll230:1692,http://cdm16022.contentdm.oclc.org/utils/getfile/collection/p16022coll230/id/1692/filename/print/page/download/fparams/forcedownload,https://cdm16022.contentdm.oclc.org/utils/getthumbnail/collection/p16022coll230/id/1692,https://cdm16022.contentdm.oclc.org/iiif/info/p16022coll230/1692/manifest.json,UMN_ALMA:9938995180001701,p16022coll230:1692,Public,University of Minnesota,05d-01,05d-01,Active,Blacklight,2021-08-24,"Use of this item may be governed by US and international copyright laws. You may be able to use this item, but copyright and other considerations may apply. For possible additional information or guidance on your use, please contact the contributing organization.",Maps,JPEG,FALSE,FALSE
,"Map showing Great Northern Railway system Chicago, Burlington & Quincy R.R. ; Spokane, Portland & Seattle Railway ; Colorado & Southern Railway lines",,English,,"McGill-Warner Co.,  St. Paul (St. Paul,  Minn)",,"Great Northern Railroad Company|Chicago, Burlington & Quincy Railroad Company|Spokane, Portland & Seattle Railroad Company|Colorado & Southern Railroad Company|Chicago, Burlington & Quincy Railroad Company|Railroads|Railroads",1922,,,United States,"-125.2,29.9,-87.5167,49.9833",https://umedia.lib.umn.edu/item/p16022coll230:1653,http://cdm16022.contentdm.oclc.org/utils/getfile/collection/p16022coll230/id/1653/filename/print/page/download/fparams/forcedownload,https://cdm16022.contentdm.oclc.org/utils/getthumbnail/collection/p16022coll230/id/1653,https://cdm16022.contentdm.oclc.org/iiif/info/p16022coll230/1653/manifest.json,UMN_ALMA:9976156293501701,p16022coll230:1653,Public,University of Minnesota,05d-01,05d-01,Active,Blacklight,2021-08-24,"Use of this item may be governed by US and international copyright laws. You may be able to use this item, but copyright and other considerations may apply. For possible additional information or guidance on your use, please contact the contributing organization.",Maps,JPEG,FALSE,FALSE
,"Map showing Northern Pacific Railway system ; Chicago, Burlington & Quincy R.R. ; Spokane, Portland & Seattle Railway and its subsidiary lines (owned by Northern Pacific and Great Northern Railway Companies jointly) ; Colorado & Southern Railway Lines (controlled by Chicago, Burlington & Quincy Railroad Company) : December 31, 1925",,English,McGill-Warner Co,"Mc-Gill Warner Co (St. Paul,  Minn)",,"Northern Pacific Railway Company|Chicago, Burlington & Quincy Railroad Company|Spokane, Portland, and Seattle Railway|Colorado and Southern Railway|Railroads|Railroads",1925,,,United States,"-125.2,29.9,-87.5167,49.9833",https://umedia.lib.umn.edu/item/p16022coll230:1679,http://cdm16022.contentdm.oclc.org/utils/getfile/collection/p16022coll230/id/1679/filename/print/page/download/fparams/forcedownload,https://cdm16022.contentdm.oclc.org/utils/getthumbnail/collection/p16022coll230/id/1679,https://cdm16022.contentdm.oclc.org/iiif/info/p16022coll230/1679/manifest.json,UMN_ALMA:9976156293301701,p16022coll230:1679,Public,University of Minnesota,05d-01,05d-01,Active,Blacklight,2021-08-24,"Use of this item may be governed by US and international copyright laws. You may be able to use this item, but copyright and other considerations may apply. For possible additional information or guidance on your use, please contact the contributing organization.",Maps,JPEG,FALSE,FALSE
,Mississippi River,,English,"Molitor, E","Mississippi River Commission (Washington,  D.C)",,,1900,,,United States,"-91.7833,29.7833,-89.8,31.85",https://umedia.lib.umn.edu/item/p16022coll230:1650,http://cdm16022.contentdm.oclc.org/utils/getfile/collection/p16022coll230/id/1650/filename/print/page/download/fparams/forcedownload,https://cdm16022.contentdm.oclc.org/utils/getthumbnail/collection/p16022coll230/id/1650,https://cdm16022.contentdm.oclc.org/iiif/info/p16022coll230/1650/manifest.json,UMN_ALMA:9955440640001701,p16022coll230:1650,Public,University of Minnesota,05d-01,05d-01,Active,Blacklight,2021-08-24,"Use of this item may be governed by US and international copyright laws. You may be able to use this item, but copyright and other considerations may apply. For possible additional information or guidance on your use, please contact the contributing organization.",Maps,JPEG,FALSE,FALSE
,No. 2 map of the Rock Island Rapids of the Mississippi River,,English,United States. Army. Corps of Engineers,"W.J. Stone,  Sc (Wash[ington] City [D.C)",,Rapids,1837,,,United States,"-90.7333,41.4333,-90.5,41.5333",https://umedia.lib.umn.edu/item/p16022coll230:1684,http://cdm16022.contentdm.oclc.org/utils/getfile/collection/p16022coll230/id/1684/filename/print/page/download/fparams/forcedownload,https://cdm16022.contentdm.oclc.org/utils/getthumbnail/collection/p16022coll230/id/1684,https://cdm16022.contentdm.oclc.org/iiif/info/p16022coll230/1684/manifest.json,UMN_ALMA:9949149310001701,p16022coll230:1684,Public,University of Minnesota,05d-01,05d-01,Active,Blacklight,2021-08-24,"Use of this item may be governed by US and international copyright laws. You may be able to use this item, but copyright and other considerations may apply. For possible additional information or guidance on your use, please contact the contributing organization.",Maps,JPEG,FALSE,FALSE
,"Outline map of the lands known as Oklahoma, Indian T : opened to settlement by Executive Order March 23, 1889",,English,,"Bien,  photo-lith (New York)",,,1889,,,Oklahoma,"-103.0,33.6167,-94.4167,37.0",https://umedia.lib.umn.edu/item/p16022coll230:1689,http://cdm16022.contentdm.oclc.org/utils/getfile/collection/p16022coll230/id/1689/filename/print/page/download/fparams/forcedownload,https://cdm16022.contentdm.oclc.org/utils/getthumbnail/collection/p16022coll230/id/1689,https://cdm16022.contentdm.oclc.org/iiif/info/p16022coll230/1689/manifest.json,UMN_ALMA:9931958710001701,p16022coll230:1689,Public,University of Minnesota,05d-01,05d-01,Active,Blacklight,2021-08-24,"Use of this item may be governed by US and international copyright laws. You may be able to use this item, but copyright and other considerations may apply. For possible additional information or guidance on your use, please contact the contributing organization.",Maps,JPEG,FALSE,FALSE
,Part of United States west of the Mississippi River : showing activities of Bureaus of the Department of the Interior,,English,United States. General Land Office,"The Office (Washington,  D.C)",,Public Lands,1923,,,United States,"-125.0,30.0,-83.0,51.0",https://umedia.lib.umn.edu/item/p16022coll230:1670,http://cdm16022.contentdm.oclc.org/utils/getfile/collection/p16022coll230/id/1670/filename/print/page/download/fparams/forcedownload,https://cdm16022.contentdm.oclc.org/utils/getthumbnail/collection/p16022coll230/id/1670,https://cdm16022.contentdm.oclc.org/iiif/info/p16022coll230/1670/manifest.json,UMN_ALMA:9973978209701701,p16022coll230:1670,Public,University of Minnesota,05d-01,05d-01,Active,Blacklight,2021-08-24,"Use of this item may be governed by US and international copyright laws. You may be able to use this item, but copyright and other considerations may apply. For possible additional information or guidance on your use, please contact the contributing organization.",Maps,JPEG,FALSE,FALSE
,Part of United States west of the Mississippi River : showing activities of Bureaus of the Department of the Interior,,English,United States. General Land Office,"The Office (Washington,  D.C)",,Public Lands,1927,,,United States,"-125.0,30.0,-83.0,51.0",https://umedia.lib.umn.edu/item/p16022coll230:1683,http://cdm16022.contentdm.oclc.org/utils/getfile/collection/p16022coll230/id/1683/filename/print/page/download/fparams/forcedownload,https://cdm16022.contentdm.oclc.org/utils/getthumbnail/collection/p16022coll230/id/1683,https://cdm16022.contentdm.oclc.org/iiif/info/p16022coll230/1683/manifest.json,UMN_ALMA:9973978209401701,p16022coll230:1683,Public,University of Minnesota,05d-01,05d-01,Active,Blacklight,2021-08-24,"Use of this item may be governed by US and international copyright laws. You may be able to use this item, but copyright and other considerations may apply. For possible additional information or guidance on your use, please contact the contributing organization.",Maps,JPEG,FALSE,FALSE
,Pocket map of the state of Texas : reduced from their original map of the state and,,English,"Pressler, Chas. W","Am. Photo-Litho Co (Austin,  Tex)",,Railroads|Railroads|Fortification|Fortification|Fortification,1879,,,Oklahoma,"-106.0,26.0,-94.0,36.0",https://umedia.lib.umn.edu/item/p16022coll230:1664,http://cdm16022.contentdm.oclc.org/utils/getfile/collection/p16022coll230/id/1664/filename/print/page/download/fparams/forcedownload,https://cdm16022.contentdm.oclc.org/utils/getthumbnail/collection/p16022coll230/id/1664,https://cdm16022.contentdm.oclc.org/iiif/info/p16022coll230/1664/manifest.json,UMN_ALMA:9923089470001701,p16022coll230:1664,Public,University of Minnesota,05d-01,05d-01,Active,Blacklight,2021-08-24,"Use of this item may be governed by US and international copyright laws. You may be able to use this item, but copyright and other considerations may apply. For possible additional information or guidance on your use, please contact the contributing organization.",Maps,JPEG,FALSE,FALSE
,Rand McNally & Co's indexed atlas of the world,,English,Rand McNally and Company,"Rand McNally (Chicago,  Ill), 1891",,Central Business Districts,1891,,,"Cincinnati, Ohio","-84.45,39.15,-84.45,39.15",https://umedia.lib.umn.edu/item/p16022coll205:603,http://cdm16022.contentdm.oclc.org/utils/getfile/collection/p16022coll205/id/603/filename/print/page/download/fparams/forcedownload,https://cdm16022.contentdm.oclc.org/utils/getthumbnail/collection/p16022coll205/id/603,https://cdm16022.contentdm.oclc.org/iiif/info/p16022coll205/603/manifest.json,UMN_ALMA:9973999677901701,p16022coll205:603,Public,University of Minnesota,05d-01,05d-01,Active,Blacklight,2021-08-24,"Use of this item may be governed by US and international copyright laws. You may be able to use this item, but copyright and other considerations may apply. For possible additional information or guidance on your use, please contact the contributing organization.",Maps,JPEG,FALSE,FALSE
,Section of map compiled in P.R.R. Office with additions designed to illustrate Lt. Warrens report of military reconnaissances in the Dacota Country 1855,,English,"Warren, G. K. (Gouverneur Kemble), 1830-1882",GPO (Washington),,Discoveries in Geography|Indians,1856,,,United States,"-112.0,38.0,-92.0,50.0",https://umedia.lib.umn.edu/item/p16022coll230:1691,http://cdm16022.contentdm.oclc.org/utils/getfile/collection/p16022coll230/id/1691/filename/print/page/download/fparams/forcedownload,https://cdm16022.contentdm.oclc.org/utils/getthumbnail/collection/p16022coll230/id/1691,https://cdm16022.contentdm.oclc.org/iiif/info/p16022coll230/1691/manifest.json,UMN_ALMA:9928040440001701,p16022coll230:1691,Public,University of Minnesota,05d-01,05d-01,Active,Blacklight,2021-08-24,"Use of this item may be governed by US and international copyright laws. You may be able to use this item, but copyright and other considerations may apply. For possible additional information or guidance on your use, please contact the contributing organization.",Maps,JPEG,FALSE,FALSE
,Sketch exhibiting the routes between Fort Laramie and the Great Salt Lake,,English,"Freyhold, Edward","War Dept. Office of Explorations & Surveys (Washington,  D.C)",,Trails,1858,,,United States,"-113.8333,39.0,-104.8333,43.8333",https://umedia.lib.umn.edu/item/p16022coll230:1663,http://cdm16022.contentdm.oclc.org/utils/getfile/collection/p16022coll230/id/1663/filename/print/page/download/fparams/forcedownload,https://cdm16022.contentdm.oclc.org/utils/getthumbnail/collection/p16022coll230/id/1663,https://cdm16022.contentdm.oclc.org/iiif/info/p16022coll230/1663/manifest.json,UMN_ALMA:9974019909401701,p16022coll230:1663,Public,University of Minnesota,05d-01,05d-01,Active,Blacklight,2021-08-24,"Use of this item may be governed by US and international copyright laws. You may be able to use this item, but copyright and other considerations may apply. For possible additional information or guidance on your use, please contact the contributing organization.",Maps,JPEG,FALSE,FALSE
,State of Arkansas,,English,"Dinsmore, A. F","General Land Office (Washington,  D.C)",,,1886,,,Arkansas,"-94.6667,33.0,-89.75,36.5",https://umedia.lib.umn.edu/item/p16022coll230:1652,http://cdm16022.contentdm.oclc.org/utils/getfile/collection/p16022coll230/id/1652/filename/print/page/download/fparams/forcedownload,https://cdm16022.contentdm.oclc.org/utils/getthumbnail/collection/p16022coll230/id/1652,https://cdm16022.contentdm.oclc.org/iiif/info/p16022coll230/1652/manifest.json,UMN_ALMA:9973999690501701,p16022coll230:1652,Public,University of Minnesota,05d-01,05d-01,Active,Blacklight,2021-08-24,"Use of this item may be governed by US and international copyright laws. You may be able to use this item, but copyright and other considerations may apply. For possible additional information or guidance on your use, please contact the contributing organization.",Maps,JPEG,FALSE,FALSE
,State of Arkansas,,English,United States. General Land Office,"General Land Office (Washington,  D.C)",,Public Lands,1914,,,Arkansas,"-95.0,33.0,-89.0,36.5",https://umedia.lib.umn.edu/item/p16022coll230:1673,http://cdm16022.contentdm.oclc.org/utils/getfile/collection/p16022coll230/id/1673/filename/print/page/download/fparams/forcedownload,https://cdm16022.contentdm.oclc.org/utils/getthumbnail/collection/p16022coll230/id/1673,https://cdm16022.contentdm.oclc.org/iiif/info/p16022coll230/1673/manifest.json,UMN_ALMA:9936988030001701,p16022coll230:1673,Public,University of Minnesota,05d-01,05d-01,Active,Blacklight,2021-08-24,"Use of this item may be governed by US and international copyright laws. You may be able to use this item, but copyright and other considerations may apply. For possible additional information or guidance on your use, please contact the contributing organization.",Maps,JPEG,FALSE,FALSE
,State of Arkansas,,English,United States. General Land Office,General Land Office,,,1878,,,Arkansas,"-94.6167,33.0,-89.6167,36.5",https://umedia.lib.umn.edu/item/p16022coll230:1676,http://cdm16022.contentdm.oclc.org/utils/getfile/collection/p16022coll230/id/1676/filename/print/page/download/fparams/forcedownload,https://cdm16022.contentdm.oclc.org/utils/getthumbnail/collection/p16022coll230/id/1676,https://cdm16022.contentdm.oclc.org/iiif/info/p16022coll230/1676/manifest.json,UMN_ALMA:9974044604101701,p16022coll230:1676,Public,University of Minnesota,05d-01,05d-01,Active,Blacklight,2021-08-24,"Use of this item may be governed by US and international copyright laws. You may be able to use this item, but copyright and other considerations may apply. For possible additional information or guidance on your use, please contact the contributing organization.",Maps,JPEG,FALSE,FALSE
,State of Arkansas,,English,Geological Survey (U.S.),"U.S. Geological Survey (Washington,  D.C)",,,1928,,,Arkansas,"-94.6167,33.0,-89.6333,36.4833",https://umedia.lib.umn.edu/item/p16022coll230:1677,http://cdm16022.contentdm.oclc.org/utils/getfile/collection/p16022coll230/id/1677/filename/print/page/download/fparams/forcedownload,https://cdm16022.contentdm.oclc.org/utils/getthumbnail/collection/p16022coll230/id/1677,https://cdm16022.contentdm.oclc.org/iiif/info/p16022coll230/1677/manifest.json,UMN_ALMA:9917941290001701,p16022coll230:1677,Public,University of Minnesota,05d-01,05d-01,Active,Blacklight,2021-08-24,"Use of this item may be governed by US and international copyright laws. You may be able to use this item, but copyright and other considerations may apply. For possible additional information or guidance on your use, please contact the contributing organization.",Maps,JPEG,FALSE,FALSE
,State of Indiana,,English,"Dinsmore, A. F","General Land Office (Washington,  D.C)",,,1886,,,Indiana,"-88.0833,37.7667,-84.7833,41.75",https://umedia.lib.umn.edu/item/p16022coll230:1651,http://cdm16022.contentdm.oclc.org/utils/getfile/collection/p16022coll230/id/1651/filename/print/page/download/fparams/forcedownload,https://cdm16022.contentdm.oclc.org/utils/getthumbnail/collection/p16022coll230/id/1651,https://cdm16022.contentdm.oclc.org/iiif/info/p16022coll230/1651/manifest.json,UMN_ALMA:9916660190001701,p16022coll230:1651,Public,University of Minnesota,05d-01,05d-01,Active,Blacklight,2021-08-24,"Use of this item may be governed by US and international copyright laws. You may be able to use this item, but copyright and other considerations may apply. For possible additional information or guidance on your use, please contact the contributing organization.",Maps,JPEG,FALSE,FALSE
,State of Indiana,,English,"Dinsmore, A. F","General Land Office (Washington,  D.C)",,,1916,,,Indiana,"-88.1167,37.8667,-84.75,41.75",https://umedia.lib.umn.edu/item/p16022coll230:1667,http://cdm16022.contentdm.oclc.org/utils/getfile/collection/p16022coll230/id/1667/filename/print/page/download/fparams/forcedownload,https://cdm16022.contentdm.oclc.org/utils/getthumbnail/collection/p16022coll230/id/1667,https://cdm16022.contentdm.oclc.org/iiif/info/p16022coll230/1667/manifest.json,UMN_ALMA:9946614570001701,p16022coll230:1667,Public,University of Minnesota,05d-01,05d-01,Active,Blacklight,2021-08-24,"Use of this item may be governed by US and international copyright laws. You may be able to use this item, but copyright and other considerations may apply. For possible additional information or guidance on your use, please contact the contributing organization.",Maps,JPEG,FALSE,FALSE
,State of Indiana,,English,"Roeser, C. (Charles)","General Land Office (Washington,  D.C)",,,1878,,,Indiana,"-88.5,37.5,-84.0,42.5",https://umedia.lib.umn.edu/item/p16022coll230:1680,http://cdm16022.contentdm.oclc.org/utils/getfile/collection/p16022coll230/id/1680/filename/print/page/download/fparams/forcedownload,https://cdm16022.contentdm.oclc.org/utils/getthumbnail/collection/p16022coll230/id/1680,https://cdm16022.contentdm.oclc.org/iiif/info/p16022coll230/1680/manifest.json,UMN_ALMA:9974064409801701,p16022coll230:1680,Public,University of Minnesota,05d-01,05d-01,Active,Blacklight,2021-08-24,"Use of this item may be governed by US and international copyright laws. You may be able to use this item, but copyright and other considerations may apply. For possible additional information or guidance on your use, please contact the contributing organization.",Maps,JPEG,FALSE,FALSE
,State of Louisiana,,English,United States. General Land Office,Photo lith & print. by Julius Bien 16 & 18 Park Place N.Y (New York [N.Y),,Land Grants|Railroads,,,,Louisiana,"-94.0,28.8667,-89.75,33.0",https://umedia.lib.umn.edu/item/p16022coll230:1666,http://cdm16022.contentdm.oclc.org/utils/getfile/collection/p16022coll230/id/1666/filename/print/page/download/fparams/forcedownload,https://cdm16022.contentdm.oclc.org/utils/getthumbnail/collection/p16022coll230/id/1666,https://cdm16022.contentdm.oclc.org/iiif/info/p16022coll230/1666/manifest.json,UMN_ALMA:9974072807601701,p16022coll230:1666,Public,University of Minnesota,05d-01,05d-01,Active,Blacklight,2021-08-24,"Use of this item may be governed by US and international copyright laws. You may be able to use this item, but copyright and other considerations may apply. For possible additional information or guidance on your use, please contact the contributing organization.",Maps,JPEG,FALSE,FALSE
,State of Louisiana,,English,United States. General Land Office,The Office,,,1876,,,Louisiana,"-94.0333,28.9167,-88.8,33.0167",https://umedia.lib.umn.edu/item/p16022coll230:1668,http://cdm16022.contentdm.oclc.org/utils/getfile/collection/p16022coll230/id/1668/filename/print/page/download/fparams/forcedownload,https://cdm16022.contentdm.oclc.org/utils/getthumbnail/collection/p16022coll230/id/1668,https://cdm16022.contentdm.oclc.org/iiif/info/p16022coll230/1668/manifest.json,UMN_ALMA:9974019908801701,p16022coll230:1668,Public,University of Minnesota,05d-01,05d-01,Active,Blacklight,2021-08-24,"Use of this item may be governed by US and international copyright laws. You may be able to use this item, but copyright and other considerations may apply. For possible additional information or guidance on your use, please contact the contributing organization.",Maps,JPEG,FALSE,FALSE
,State of Louisiana : compiled from the official records of the General Land Office and other sources,,English,United States. General Land Office,General Land Office (Washington),,,1916,,,Louisiana,"-94.0333,28.85,-88.75,33.0167",https://umedia.lib.umn.edu/item/p16022coll230:1660,http://cdm16022.contentdm.oclc.org/utils/getfile/collection/p16022coll230/id/1660/filename/print/page/download/fparams/forcedownload,https://cdm16022.contentdm.oclc.org/utils/getthumbnail/collection/p16022coll230/id/1660,https://cdm16022.contentdm.oclc.org/iiif/info/p16022coll230/1660/manifest.json,UMN_ALMA:9948331900001701,p16022coll230:1660,Public,University of Minnesota,05d-01,05d-01,Active,Blacklight,2021-08-24,"Use of this item may be governed by US and international copyright laws. You may be able to use this item, but copyright and other considerations may apply. For possible additional information or guidance on your use, please contact the contributing organization.",Maps,JPEG,FALSE,FALSE
,State of Ohio,,English,United States. General Land Office,"(Washington,  D.C.], )",,,1910,,,Ohio,"-84.8167,38.4,-80.5167,42.3167",https://umedia.lib.umn.edu/item/p16022coll230:1681,http://cdm16022.contentdm.oclc.org/utils/getfile/collection/p16022coll230/id/1681/filename/print/page/download/fparams/forcedownload,https://cdm16022.contentdm.oclc.org/utils/getthumbnail/collection/p16022coll230/id/1681,https://cdm16022.contentdm.oclc.org/iiif/info/p16022coll230/1681/manifest.json,UMN_ALMA:9946609510001701,p16022coll230:1681,Public,University of Minnesota,05d-01,05d-01,Active,Blacklight,2021-08-24,"Use of this item may be governed by US and international copyright laws. You may be able to use this item, but copyright and other considerations may apply. For possible additional information or guidance on your use, please contact the contributing organization.",Maps,JPEG,FALSE,FALSE
,State of Ohio,,English,United States. General Land Office,General Land Office (Washington),,,1878,,,Ohio,"-84.8,38.4333,-80.5,41.9833",https://umedia.lib.umn.edu/item/p16022coll230:1690,http://cdm16022.contentdm.oclc.org/utils/getfile/collection/p16022coll230/id/1690/filename/print/page/download/fparams/forcedownload,https://cdm16022.contentdm.oclc.org/utils/getthumbnail/collection/p16022coll230/id/1690,https://cdm16022.contentdm.oclc.org/iiif/info/p16022coll230/1690/manifest.json,UMN_ALMA:9974002904101701,p16022coll230:1690,Public,University of Minnesota,05d-01,05d-01,Active,Blacklight,2021-08-24,"Use of this item may be governed by US and international copyright laws. You may be able to use this item, but copyright and other considerations may apply. For possible additional information or guidance on your use, please contact the contributing organization.",Maps,JPEG,FALSE,FALSE
,State of Oklahoma,,English,United States. General Land Office,"General Land Officé (Washington,  D.C.?)",,,1907,,,Oklahoma,"-103.0,33.5,-94.5,37.0",https://umedia.lib.umn.edu/item/p16022coll230:1682,http://cdm16022.contentdm.oclc.org/utils/getfile/collection/p16022coll230/id/1682/filename/print/page/download/fparams/forcedownload,https://cdm16022.contentdm.oclc.org/utils/getthumbnail/collection/p16022coll230/id/1682,https://cdm16022.contentdm.oclc.org/iiif/info/p16022coll230/1682/manifest.json,UMN_ALMA:9973986399901701,p16022coll230:1682,Public,University of Minnesota,05d-01,05d-01,Active,Blacklight,2021-08-24,"Use of this item may be governed by US and international copyright laws. You may be able to use this item, but copyright and other considerations may apply. For possible additional information or guidance on your use, please contact the contributing organization.",Maps,JPEG,FALSE,FALSE
,Texas sheet 494 N --Brownsville,,English,United States. Army. Corps of Engineers,"Corps of Engineers (Washington,  D.C.?)",,,1916,,,"Brownsville, Texas","-98.0,25.5,-97.0,26.0",https://umedia.lib.umn.edu/item/p16022coll205:607,http://cdm16022.contentdm.oclc.org/utils/getfile/collection/p16022coll205/id/607/filename/print/page/download/fparams/forcedownload,https://cdm16022.contentdm.oclc.org/utils/getthumbnail/collection/p16022coll205/id/607,https://cdm16022.contentdm.oclc.org/iiif/info/p16022coll205/607/manifest.json,UMN_ALMA:9974041308901701,p16022coll205:607,Public,University of Minnesota,05d-01,05d-01,Active,Blacklight,2021-08-24,"Use of this item may be governed by US and international copyright laws. You may be able to use this item, but copyright and other considerations may apply. For possible additional information or guidance on your use, please contact the contributing organization.",Maps,JPEG,FALSE,FALSE
,The Rand McNally new commercial atlas map of Louisiana,,English,Rand McNally and Company,"Rand McNally & Co (Chicago), 1914",,Roads|Railroads,1914,,,Louisiana,"-94.0333,28.85,-88.75,33.0167",https://umedia.lib.umn.edu/item/p16022coll230:1672,http://cdm16022.contentdm.oclc.org/utils/getfile/collection/p16022coll230/id/1672/filename/print/page/download/fparams/forcedownload,https://cdm16022.contentdm.oclc.org/utils/getthumbnail/collection/p16022coll230/id/1672,https://cdm16022.contentdm.oclc.org/iiif/info/p16022coll230/1672/manifest.json,UMN_ALMA:9930992260001701,p16022coll230:1672,Public,University of Minnesota,05d-01,05d-01,Active,Blacklight,2021-08-24,"Use of this item may be governed by US and international copyright laws. You may be able to use this item, but copyright and other considerations may apply. For possible additional information or guidance on your use, please contact the contributing organization.",Maps,JPEG,FALSE,FALSE
,"The travellers guide through Ohio : with its canals, roads & distances",,English,"Woodruff, William","Scott & Whiting (Columbus,  Ohio)",,,1837,,,Ohio,"-84.8167,38.4,-80.5167,42.3167",https://umedia.lib.umn.edu/item/p16022coll230:1649,http://cdm16022.contentdm.oclc.org/utils/getfile/collection/p16022coll230/id/1649/filename/print/page/download/fparams/forcedownload,https://cdm16022.contentdm.oclc.org/utils/getthumbnail/collection/p16022coll230/id/1649,https://cdm16022.contentdm.oclc.org/iiif/info/p16022coll230/1649/manifest.json,UMN_ALMA:9928896220001701,p16022coll230:1649,Public,University of Minnesota,05d-01,05d-01,Active,Blacklight,2021-08-24,"Use of this item may be governed by US and international copyright laws. You may be able to use this item, but copyright and other considerations may apply. For possible additional information or guidance on your use, please contact the contributing organization.",Maps,JPEG,FALSE,FALSE
,"The World's Industrial and Cotton Centennial Exposition, New Orleans, La., U.S.A : plan no. 2, map of the city of New Orleans ...",,English,,(New Orleans?),,World's Industrial and Cotton Centennial Exposition|World's Industrial and Cotton Centennial Exposition,1885?,,,"New Orleans, Louisiana","-90.1639,29.9056,-89.9972,30.0306",https://umedia.lib.umn.edu/item/p16022coll205:606,http://cdm16022.contentdm.oclc.org/utils/getfile/collection/p16022coll205/id/606/filename/print/page/download/fparams/forcedownload,https://cdm16022.contentdm.oclc.org/utils/getthumbnail/collection/p16022coll205/id/606,https://cdm16022.contentdm.oclc.org/iiif/info/p16022coll205/606/manifest.json,UMN_ALMA:9974002886201701,p16022coll205:606,Public,University of Minnesota,05d-01,05d-01,Active,Blacklight,2021-08-24,"Use of this item may be governed by US and international copyright laws. You may be able to use this item, but copyright and other considerations may apply. For possible additional information or guidance on your use, please contact the contributing organization.",Maps,JPEG,FALSE,FALSE
